IC,Name,Email,Phone Number,Birth Date,Hired Date
S8969262K,Jane Doe,Jane.Doe@businessinc.net,(65)-21823796,27/06/1989,15/05/2009
S3514555Q,David Lee,David.Lee@logistics.co,(16)-84060907,25/04/1978,17/07/1998
S6927635J,Grace Harris,Grace.Harris@webservices.org,(14)-36148976,25/06/1949,26/09/1993
S4088991C,Frank Adams,Frank.Adams@techcorp.com,(38)-53036472,21/08/1988,04/11/2011
S3937143E,Grace Adams,Grace.Adams@consultingfirm.net,(91)-69642399,14/03/1945,18/07/1987
S7560890P,Bob White,Bob.White@logistics.co,(63)-64030251,11/10/1953,19/09/1974
S4979627Y,Eve White,Eve.White@innovatech.io,(71)-36412130,20/03/1978,18/03/1999
S2983119P,David Johnson,David.Johnson@innovatech.io,(65)-21823796,08/06/1941,26/12/1983
S7210174Q,David Doe,David.Doe@softwaredev.com,(79)-48871242,23/03/1963,09/08/1992
S4320769I,Eve Harris,Eve.Harris@consultingfirm.net,(71)-38126625,23/09/1953,27/02/1973
S8109652A,Eve Harris,Eve.Harris@webservices.org,(95)-71517878,20/02/1959,01/04/1990
S9388492D,John Green,John.Green@webservices.org,(69)-63056538,30/10/1943,19/05/1996
S9480051Z,Carol Lee,Carol.Lee@logistics.co,(86)-58944538,02/07/1956,14/02/1979
S3797455T,Grace Doe,Grace.Doe@businessinc.net,(36)-31316243,15/10/1943,06/08/1997
S1135748N,Bob Adams,Bob.Adams@healthcareplus.org,(19)-38307507,30/05/1941,04/09/1970
S9397397S,Frank Smith,Frank.Smith@businessinc.net,(90)-87071339,22/07/1993,08/12/2017
S0887180O,John Lee,John.Lee@webservices.org,(91)-20216620,28/05/1955,22/09/1974
S2530869X,Henry Brown,Henry.Brown@marketplace.biz,(78)-42169084,01/08/1940,12/08/1977
S1938160Y,Eve Black,Eve.Black@marketplace.biz,(79)-75298970,07/02/1957,04/08/1976
S6152464A,Carol Brown,Carol.Brown@logistics.co,(83)-97899915,15/10/1943,04/02/1992
S5290862F,Bob Doe,Bob.Doe@innovatech.io,(46)-48518137,29/04/1948,31/08/1968
S1533924X,Grace Lee,Grace.Lee@logistics.co,(20)-92081655,01/08/1969,24/06/1996
S4895911Q,John Doe,John.Doe@techcorp.com,(46)-86670554,20/12/1980,22/12/1999
S7986041O,Grace Black,Grace.Black@healthcareplus.org,(47)-52162796,30/07/1941,29/05/1965
S1483959T,David Harris,David.Harris@businessinc.net,(52)-89846820,02/12/1997,07/12/2022
S1995236L,Carol Adams,Carol.Adams@innovatech.io,(79)-59058400,23/10/1999,02/04/2018
S3444905J,Grace Harris,Grace.Harris@softwaredev.com,(90)-71853758,26/10/1950,09/04/1999
S8067509Z,Grace Smith,Grace.Smith@consultingfirm.net,(76)-09732483,06/06/1943,05/11/1986
S6396208U,Alice Adams,Alice.Adams@logistics.co,(62)-02635597,11/08/1958,21/07/1988
S9566430J,David Harris,David.Harris@logistics.co,(98)-26834058,10/04/1965,28/01/1986
S3203154J,Henry Smith,Henry.Smith@innovatech.io,(50)-07288702,17/01/1941,17/04/1983
S6849084R,Jane White,Jane.White@marketplace.biz,(18)-51897720,19/01/1952,15/01/1983
S9836059V,Frank Black,Frank.Black@marketplace.biz,(71)-92184721,11/08/1940,10/10/1971
S6127297L,Carol Johnson,Carol.Johnson@innovatech.io,(37)-64885453,11/12/1986,29/03/2008
S8213311D,Eve Green,Eve.Green@financesolutions.com,(47)-54335585,21/11/1974,26/08/1999
S0391518M,Alice Green,Alice.Green@softwaredev.com,(37)-52775277,18/07/1949,02/01/1973
S9718696Y,Grace Doe,Grace.Doe@financesolutions.com,(87)-59331763,08/06/1988,08/08/2012
S2986151R,Alice Green,Alice.Green@webservices.org,(28)-77483826,02/07/1978,14/09/1998
S5633302K,David Harris,David.Harris@financesolutions.com,(62)-02635597,10/05/1980,14/08/1999
S8448459N,Alice Brown,Alice.Brown@healthcareplus.org,(79)-61961424,04/08/1942,21/09/1992
S7499835A,Alice Johnson,Alice.Johnson@softwaredev.com,(64)-75737091,26/11/1964,07/07/1989
S2069634P,Frank Adams,Frank.Adams@logistics.co,(16)-43235132,13/12/1993,10/10/2021
S2482213H,Alice Adams,Alice.Adams@techcorp.com,(71)-44635105,22/04/1946,02/09/1978
S5458346N,Frank Lee,Frank.Lee@logistics.co,(96)-79376329,26/06/1976,09/09/1997
S7122646K,Eve Green,Eve.Green@marketplace.biz,(98)-61635233,13/12/1994,26/09/2023
S7942015H,Frank Brown,Frank.Brown@financesolutions.com,(80)-52958321,24/12/1954,06/01/1999
S9052068Z,Grace Adams,Grace.Adams@financesolutions.com,(47)-79438755,28/06/1992,06/09/2016
S3573648K,Alice Smith,Alice.Smith@consultingfirm.net,(37)-83078493,20/03/1951,09/08/1992
S5650377O,Henry Brown,Henry.Brown@financesolutions.com,(16)-41371959,28/10/1942,18/01/1967
S9319148D,John Green,John.Green@businessinc.net,(79)-14000730,06/11/1982,27/06/2002
S0364576P,Eve Johnson,Eve.Johnson@financesolutions.com,(63)-56829632,15/07/1991,05/01/2017
S2874054R,Bob Green,Bob.Green@businessinc.net,(35)-25198873,25/08/1945,19/01/1997
S6569278P,Jane Green,Jane.Green@consultingfirm.net,(23)-52970929,20/05/1954,27/10/1973
S9634345E,Jane Smith,Jane.Smith@webservices.org,(16)-22647904,06/10/1973,02/06/1993
S9701457W,Frank Lee,Frank.Lee@techcorp.com,(30)-98688581,11/10/1953,05/02/1987
S6573386G,David Doe,David.Doe@financesolutions.com,(50)-07288702,02/01/1978,17/09/1997
S1482281Q,Frank Smith,Frank.Smith@healthcareplus.org,(18)-08951521,21/10/1947,12/02/1997
S3333333R,Dawn Lee,TestEmail@apa-zi.com,(38)-13681368,29/02/1996,23/08/2008
S1111111Q,Frank Green,Frank.Green@apa-zi-apa-zi.com,(18)-08951521,01/01/1998,01/01/2018
