Name,Email,IC,PhoneNum,HireDate,BirthDate
Jane Doe,Jane.Doe@businessinc.net,S8969262K,(65)-21823796,15/5/2009,27/6/1989
David Lee,David.Lee@logistics.co,S3514555Q,(16)-84060907,17/7/1998,25/4/1978
Grace Harris,Grace.Harris@webservices.org,S6927635J,(14)-36148976,26/9/1993,25/6/1949
Frank Adams,Frank.Adams@techcorp.com,S4088991C,(38)-53036472,4/11/2011,21/8/1988
Grace Adams,Grace.Adams@consultingfirm.net,S3937143E,(91)-69642399,18/7/1987,14/3/1945
Bob White,Bob.White@logistics.co,S7560890P,(63)-64030251,19/9/1974,11/10/1953
Eve White,Eve.White@innovatech.io,S4979627Y,(71)-36412130,18/3/1999,20/3/1978
David Johnson,David.Johnson@innovatech.io,S2983119P,(65)-21823796,26/12/1983,8/6/1941
David Doe,David.Doe@softwaredev.com,S7210174Q,(79)-48871242,9/8/1992,23/3/1963
Eve Harris,Eve.Harris@consultingfirm.net,S4320769I,(71)-38126625,27/2/1973,23/9/1953
Eve Harris,Eve.Harris@webservices.org,S8109652A,(95)-71517878,1/4/1990,20/2/1959
John Green,John.Green@webservices.org,S9388492D,(69)-63056538,19/5/1996,30/10/1943
Carol Lee,Carol.Lee@logistics.co,S9480051Z,(86)-58944538,14/2/1979,2/7/1956
Grace Doe,Grace.Doe@businessinc.net,S3797455T,(36)-31316243,6/8/1997,15/10/1943
Bob Adams,Bob.Adams@healthcareplus.org,S1135748N,(19)-38307507,4/9/1970,30/5/1941
Frank Smith,Frank.Smith@businessinc.net,S9397397S,(90)-87071339,8/12/2017,22/7/1993
John Lee,John.Lee@webservices.org,S0887180O,(91)-20216620,22/9/1974,28/5/1955
Henry Brown,Henry.Brown@marketplace.biz,S2530869X,(78)-42169084,12/8/1977,1/8/1940
Eve Black,Eve.Black@marketplace.biz,S1938160Y,(79)-75298970,4/8/1976,7/2/1957
Carol Brown,Carol.Brown@logistics.co,S6152464A,(83)-97899915,4/2/1992,15/10/1943
Bob Doe,Bob.Doe@innovatech.io,S5290862F,(46)-48518137,31/8/1968,29/4/1948
Grace Lee,Grace.Lee@logistics.co,S1533924X,(20)-92081655,24/6/1996,1/8/1969
John Doe,John.Doe@techcorp.com,S4895911Q,(46)-86670554,22/12/1999,20/12/1980
Grace Black,Grace.Black@healthcareplus.org,S7986041O,(47)-52162796,29/5/1965,30/7/1941
David Harris,David.Harris@businessinc.net,S1483959T,(52)-89846820,7/12/2022,2/12/1997
Carol Adams,Carol.Adams@innovatech.io,S1995236L,(79)-59058400,2/4/2018,23/10/1999
Grace Harris,Grace.Harris@softwaredev.com,S3444905J,(90)-71853758,9/4/1999,26/10/1950
Grace Smith,Grace.Smith@consultingfirm.net,S8067509Z,(76)-09732483,5/11/1986,6/6/1943
Alice Adams,Alice.Adams@logistics.co,S6396208U,(62)-02635597,21/7/1988,11/8/1958
David Harris,David.Harris@logistics.co,S9566430J,(98)-26834058,28/1/1986,10/4/1965
Henry Smith,Henry.Smith@innovatech.io,S3203154J,(50)-07288702,17/4/1983,17/1/1941
Jane White,Jane.White@marketplace.biz,S6849084R,(18)-51897720,15/1/1983,19/1/1952
Frank Black,Frank.Black@marketplace.biz,S9836059V,(71)-92184721,10/10/1971,11/8/1940
Carol Johnson,Carol.Johnson@innovatech.io,S6127297L,(37)-64885453,29/3/2008,11/12/1986
Eve Green,Eve.Green@financesolutions.com,S8213311D,(47)-54335585,26/8/1999,21/11/1974
Alice Green,Alice.Green@softwaredev.com,S0391518M,(37)-52775277,2/1/1973,18/7/1949
Grace Doe,Grace.Doe@financesolutions.com,S9718696Y,(87)-59331763,8/8/2012,8/6/1988
Alice Green,Alice.Green@webservices.org,S2986151R,(28)-77483826,14/9/1998,2/7/1978
David Harris,David.Harris@financesolutions.com,S5633302K,(62)-02635597,14/8/1999,10/5/1980
Alice Brown,Alice.Brown@healthcareplus.org,S8448459N,(79)-61961424,21/9/1992,4/8/1942
Alice Johnson,Alice.Johnson@softwaredev.com,S7499835A,(64)-75737091,7/7/1989,26/11/1964
Frank Adams,Frank.Adams@logistics.co,S2069634P,(16)-43235132,10/10/2021,13/12/1993
Alice Adams,Alice.Adams@techcorp.com,S2482213H,(71)-44635105,2/9/1978,22/4/1946
Frank Lee,Frank.Lee@logistics.co,S5458346N,(96)-79376329,9/9/1997,26/6/1976
Eve Green,Eve.Green@marketplace.biz,S7122646K,(98)-61635233,26/9/2023,13/12/1994
Frank Brown,Frank.Brown@financesolutions.com,S7942015H,(80)-52958321,6/1/1999,24/12/1954
Grace Adams,Grace.Adams@financesolutions.com,S9052068Z,(47)-79438755,6/9/2016,28/6/1992
Alice Smith,Alice.Smith@consultingfirm.net,S3573648K,(37)-83078493,9/8/1992,20/3/1951
Henry Brown,Henry.Brown@financesolutions.com,S5650377O,(16)-41371959,18/1/1967,28/10/1942
John Green,John.Green@businessinc.net,S9319148D,(79)-14000730,27/6/2002,6/11/1982
Eve Johnson,Eve.Johnson@financesolutions.com,S0364576P,(63)-56829632,5/1/2017,15/7/1991
Bob Green,Bob.Green@businessinc.net,S2874054R,(35)-25198873,19/1/1997,25/8/1945
Jane Green,Jane.Green@consultingfirm.net,S6569278P,(23)-52970929,27/10/1973,20/5/1954
Jane Smith,Jane.Smith@webservices.org,S9634345E,(16)-22647904,2/6/1993,6/10/1973
Frank Lee,Frank.Lee@techcorp.com,S9701457W,(30)-98688581,5/2/1987,11/10/1953
David Doe,David.Doe@financesolutions.com,S6573386G,(50)-07288702,17/9/1997,2/1/1978
Frank Smith,Frank.Smith@healthcareplus.org,S1482281Q,(18)-08951521,12/2/1997,21/10/1947
Frank Green,Frank.Green@businessinc.net,S3814304O,(67)-50056183,25/11/1983,3/12/1962
Eve Lee,Eve.Lee@webservices.org,S8752276Q,(30)-98470466,8/11/2008,20/2/1986
